{"stat.useItem.276":24,"stat.killEntity.Skeleton":1,"stat.useItem.89":16,"stat.walkOneCm":54222,"achievement.openInventory":21,"stat.useItem.259":4,"stat.leaveGame":4,"stat.damageTaken":180,"stat.mobKills":6,"achievement.enterAether":3138,"stat.flyOneCm":464111,"stat.useItem.50":3,"stat.drop":3,"stat.jump":60,"stat.swimOneCm":261,"stat.playOneMinute":37622,"stat.fallOneCm":211,"stat.damageDealt":2395,"achievement.theFirstStep":1,"stat.killEntity.Paul":2,"achievement.exploreAllBiomes":{"value":0,"progress":["Savanna Plateau","ForestHills","MushroomIslandShore","Plains","DesertHills","Eerie","Aether","River","Forest","Desert","MushroomIsland","Savanna","Deep Ocean"]},"stat.diveOneCm":105}